"hash","short","date","merge","module","type","disposition","file_count","subject","files"
"64646a04289e64e9c97061a370925696510f96a2","64646a042","2026-03-24","false","integracao-erp/gateway-endpoints","cache-or-assets","compare-and-likely-migrate","4","Ajusta assistente de mapeamento de endpoint gateway","M:assets/js/components/servicos-integracao-form.js|M:boot.php|M:components/assistente-mapeamento-endpoint-gateway.php|M:controllers/cadastro-servicos-controller.php"
"e890b059a475285d2d0ed20a40a798d4ee21f9f0","e890b059a","2026-03-24","true","geral","merge","ignore-merge","0","Merge pull request #665 from agileecommerce/feat/assistente-mapeamento-endpoint-registro-teste",""
"99060e06c044297896def9d259f0e42aa3adeb6b","99060e06c","2026-03-24","false","produtos/restricoes-excecoes","new-feature-or-screen","compare-and-likely-migrate","8","feat: adiciona horarios por dia em excecoes e restricoes de produtos","M:assets/js/components/excecoes-produtos-wizard-form.js|M:assets/js/components/restricoes-produtos-list.js|M:assets/js/components/restricoes-produtos-wizard-form.js|M:boot.php|M:components/excecoes-produtos-wizard-form.php|M:components/restricoes-produtos-wizard-form.php|M:controllers/excecoes-produtos-controller.php|M:controllers/restricoes-produtos-controller.php"
"7f15ab2b5f592ff96132487f9eade8d533fdf97d","7f15ab2b5","2026-03-24","true","produtos/restricoes-excecoes","merge","ignore-merge","0","Merge pull request #666 from agileecommerce/feat/wizard-horarios-restricoes-excecoes-produtos",""
"65ac3403b025fe556b0519d6869af9efd150b2bb","65ac3403b","2026-03-24","false","gateways-pagamento","form-field-or-form-flow","compare-and-likely-migrate","4","feat(gateways-pagamento): adiciona campos 3DS da Cielo e regras condicionais","M:assets/js/components/gateways-pagamento-form.js|M:boot.php|M:components/gateways-pagamento-form.php|M:controllers/gateways-pagamento-controller.php"
"d7072457cd3c9428190642dd48eec22de6c435b9","d7072457c","2026-03-24","true","gateways-pagamento","merge","ignore-merge","0","Merge pull request #667 from agileecommerce/feat/gateways-cielo-3ds-3ds-fields",""
"27de03d9f5953df847cb0fc117a2ad299c1b3469","27de03d9f","2026-03-24","false","gateways-pagamento","form-field-or-form-flow","compare-and-likely-migrate","2","fix(gateways-pagamento): preserva campos 3DS ao alternar switch","M:assets/js/components/gateways-pagamento-form.js|M:boot.php"
"fa5b0ff32ae9b1be8f09ae79b46fc7deb1055fb2","fa5b0ff32","2026-03-24","true","gateways-pagamento","merge","ignore-merge","0","Merge pull request #668 from agileecommerce/feat/gateways-cielo-3ds-preserva-campos",""
"9b9dc314e595b169e496fd7edf296a6526e3f7ca","9b9dc314e","2026-03-24","false",".gitignore","behavior-change","triage-needed","1","chore: ignorar log local do admin","M:.gitignore"
"9a13e0879605cb15c8612342c87a02e6ad950a71","9a13e0879","2026-03-24","false","integracao-erp/servicos","new-feature-or-screen","triage-needed","8","feat: suportar dataset consolidado no mapeamento de servicos","M:assets/js/components/cadastro-servicos-form.js|M:assets/js/components/servicos-integracao-form.js|M:boot.php|M:components/assistente-mapeamento-endpoint-gateway.php|M:components/cadastro-servicos-form.php|M:components/servicos-integracao-endpoint-gateway-form.php|M:controllers/cadastro-servicos-controller.php|M:docs/12-servicos-query-sqlite-endpoint-gateway.md"
"d6e50245c45d2a12905d2e84d8818441c7fac97d","d6e50245c","2026-03-25","false","cache/assets","assets-version-only","not-applicable-v2","1","chore: incrementar assets version","M:boot.php"
"33fb1e2da05ccd1a24e06cbb8209159bbd1adbf6","33fb1e2da","2026-03-25","true","geral","merge","ignore-merge","0","Merge origin/master into feat/assistente-mapeamento-endpoint-registro-teste",""
"5664e90ce101af0c9a93e4cab2ecd742141de7a8","5664e90ce","2026-03-25","true","geral","merge","ignore-merge","0","Merge pull request #669 from agileecommerce/feat/assistente-mapeamento-endpoint-registro-teste",""
"ffc628e25f94b17752e3832798791516132730ac","ffc628e25","2026-03-25","false","filiais","form-field-or-form-flow","compare-and-likely-migrate","1","Atualiza parametro exibe_precos_filial por perfil","M:components/configuracoes-clientes-form.php"
"b62a73def1c53cd3d44c1a93afa2891c3993777f","b62a73def","2026-03-25","false","filiais","form-field-or-form-flow","compare-and-likely-migrate","2","Move parametro de filiais para produtos","M:components/configuracoes-clientes-form.php|M:components/configuracoes-produtos-form.php"
"22638a2f55556144ad8722718720782e4ee9d104","22638a2f5","2026-03-25","false","configuracoes","ui-flow-or-visual","triage-needed","1","Ajusta instrucao do modal de precos","M:components/configuracoes-produtos-form.php"
"e4a8c7358b35e5cf332f0931d18cee3df94781a9","e4a8c7358","2026-03-25","false","configuracoes","form-field-or-form-flow","triage-needed","1","Adiciona parametro de estoque no assistente","M:components/configuracoes-produtos-form.php"
"6525693649baed98875fdd5a4e000121a1500334","652569364","2026-03-25","false","configuracoes","cache-or-assets","triage-needed","6","Ajusta renovacao de cache e label da URL API","M:boot.php|M:components/configuracoes-geral-form.php|M:controllers/api-controller.php|M:docs/02-mapa-do-repo.md|M:docs/06-padroes-por-area.md|M:includes/helpers.php"
"fe2db7d06cbf819b0654212bd4aa58045a8d6e50","fe2db7d06","2026-03-25","false","configuracoes","bugfix","triage-needed","2","Restaura opcoes fixas nas configuracoes gerais","M:boot.php|M:components/configuracoes-geral-form.php"
"4da2066ccf78b81ffb38ba9c182ea4d3197d6447","4da2066cc","2026-03-25","false","configuracoes","behavior-change","triage-needed","2","Ajusta opcoes fixas da URL API","M:boot.php|M:components/configuracoes-geral-form.php"
"4c30ba50cf8b66b5f32cba2491ca5aaec0f61b24","4c30ba50c","2026-03-25","false","configuracoes","form-field-or-form-flow","triage-needed","2","Corrige cache v2 e restaura formulario geral","M:components/configuracoes-geral-form.php|M:includes/helpers.php"
"10cccbc858895088bb138f58263191722120d5fe","10cccbc85","2026-03-25","false","dashboard","cache-or-assets","triage-needed","1","Reduce dashboard-v2 request pressure","M:assets/js/components/dashboard-v2.js"
"718a33922e2c3f9fdedd4c5572e7f10109fc370e","718a33922","2026-03-25","false","cache/assets","assets-version-only","not-applicable-v2","1","Bump assets version for dashboard changes","M:boot.php"
"9d7d0368a5abf475cc82fd7d9c658c6f2720024f","9d7d0368a","2026-03-25","true","dashboard","merge","ignore-merge","0","Merge pull request #670 from agileecommerce/fix/dashboard-v2-load-shedding",""
"60ea3435facf2db5ea5b89cc6372f449ac774438","60ea3435f","2026-03-25","false","configuracoes","bugfix","triage-needed","1","Corrige opcoes fixas das configuracoes gerais","M:components/configuracoes-geral-form.php"
"c463a89578e1c3fd5cf6db33aa68e539c8dc0943","c463a8957","2026-03-25","false","configuracoes","bugfix","triage-needed","1","Restaura opcoes fixas nas configuracoes gerais","M:components/configuracoes-geral-form.php"
"42f91fc9126ba14682014e7d633db110a15b979e","42f91fc91","2026-03-26","false","docs","new-feature-or-screen","triage-needed","7","docs: padroniza projetos e premissas","M:AGENTS.md|M:docs/README.md|M:docs/ai/README.md|M:docs/ai/context-pack.md|M:docs/ai/skills/00-skill-principal.md|A:docs/projetos/PREMISSAS.md|A:docs/projetos/README.md"
"b25101f3769d00d74491cc3468595f50b56079b0","b25101f37","2026-03-26","false","pedidos","form-field-or-form-flow","compare-and-likely-migrate","1","fix(pedidos-detalhe): ajustar timezone para GMT-3 nos campos de data","M:components/pedidos-detalhe.php"
"7e2756e572ae93fbb2190812905bcd821cf42e0a","7e2756e57","2026-03-26","true","pedidos","merge","ignore-merge","0","Merge pull request #671 from agileecommerce/fix/pedidos-detalhe-timezone-tabela",""
"8df9be0ff374266daa11c1f18253695156165541","8df9be0ff","2026-03-26","false","controllers","behavior-change","triage-needed","3","Admin usa PainelB2BApi no Editor SQL","M:boot.php|M:controllers/editor-sql-controller.php|M:controllers/editor-sql-tabed-controller.php"
"a4839946cf1161bbeb125e83f6ec0d27cc78bfe4","a4839946c","2026-03-26","false","cache/assets","assets-version-only","not-applicable-v2","1","Remove boot da PR do Editor SQL","M:boot.php"
"d16e444f4b7ed8e0e7bd8d63d91304ce337ca796","d16e444f4","2026-03-26","false","cache/assets","assets-version-only","not-applicable-v2","1","Restaura boot.php para o estado da master","M:boot.php"
"dc5193069bd5409d6344911b077a16412124e6c9","dc5193069","2026-03-26","true","geral","merge","ignore-merge","0","Merge pull request #672 from agileecommerce/feature/editorsql-painelb2bapi",""
"02c3698781b4a4b07b0a9297f6f7e15b9e5d899d","02c369878","2026-03-27","false","integracao-erp/servicos","behavior-change","triage-needed","2","Correção do botão de abortar execução em serviços execuções","M:components/configuracoes-produtos-form.php|M:controllers/servicos-integracao-controller.php"
"897175aa21cff3670390d8347484219429e85a52","897175aa2","2026-03-27","true","integracao-erp/servicos","merge","ignore-merge","0","Merge pull request #673 from agileecommerce/fix/servicos-execucoes-abortar",""
"f97027430d372e15e4f829231509fbd1b597115b","f97027430","2026-03-27","false","simulador-precos","cache-or-assets","compare-and-likely-migrate","2","Add freight input to price simulator","M:assets/js/components/simulador-precos.js|M:components/simulador-precos.php"
"6f222d9a4828606f00fe3b20b894ca67bd8c8e23","6f222d9a4","2026-03-27","true","simulador-precos","merge","ignore-merge","0","Merge pull request #674 from agileecommerce/feature/simulador-valor-frete-item",""
"e4c5a784824af8844a427aabf24a50ea2b9519b7","e4c5a7848","2026-03-27","false","cache/assets","assets-version-only","not-applicable-v2","1","Update boot.php","M:boot.php"
"04635ae51631b782d9dfbbb126b8d57c201e3952","04635ae51","2026-03-27","false","simulador-precos","bugfix","compare-and-likely-migrate","2","Fix decimal freight input in price simulator","M:assets/js/components/simulador-precos.js|M:components/simulador-precos.php"
"8b9940520bd278d89cd34d029dda682e3cb28719","8b9940520","2026-03-27","true","simulador-precos","merge","ignore-merge","0","Merge pull request #675 from agileecommerce/fix/simulador-frete-decimal",""
"d1ea35da3e17d0a7b38df42f878ea59324f178fd","d1ea35da3","2026-03-27","false","cache/assets","assets-version-only","not-applicable-v2","1","Update boot.php","M:boot.php"
"1efbe4b0defdc6f32af8337c40af6cfc1d0b6b30","1efbe4b0d","2026-03-27","false","simulador-precos","cache-or-assets","compare-and-likely-migrate","2","Align simulator freight input with delivery rule money pattern","M:assets/js/components/simulador-precos.js|M:components/simulador-precos.php"
"79103f8809a9708e3f447e5a2ef734a361b20744","79103f880","2026-03-27","true","simulador-precos","merge","ignore-merge","0","Merge pull request #676 from agileecommerce/fix/simulador-frete-decimal-v2",""
"93912c581bb48e18d512bbe9fd411de024bd004f","93912c581","2026-03-27","false","cache/assets","assets-version-only","not-applicable-v2","1","Update boot.php","M:boot.php"
"c5ce9b0f0e0f13308ba16b8fbd500807ac5b5d8a","c5ce9b0f0","2026-03-27","false","simulador-precos","bugfix","compare-and-likely-migrate","2","Remove custom freight validation from simulator money field","M:assets/js/components/simulador-precos.js|M:components/simulador-precos.php"
"52acf6852ddb694f5af6bcf041c7e8256a635273","52acf6852","2026-03-27","false","cache/assets","assets-version-only","not-applicable-v2","1","Bump admin assets version for simulator freight fix","M:boot.php"
"6f65e98d769218d400c473806cda2785be29fc2d","6f65e98d7","2026-03-27","true","simulador-precos","merge","ignore-merge","0","Merge pull request #677 from agileecommerce/fix/simulador-frete-decimal-v3",""
"e7cd37f4f202c1e9262053c0531d1d407a4acd5f","e7cd37f4f","2026-03-27","false","simulador-precos","cache-or-assets","compare-and-likely-migrate","1","Send unmasked freight value from simulator","M:assets/js/components/simulador-precos.js"
"0bb0e9d95f1682e73fea27daa8cc3fd368d10cb0","0bb0e9d95","2026-03-27","false","simulador-precos","cache-or-assets","compare-and-likely-migrate","1","Serialize simulator form values on submit","M:assets/js/components/simulador-precos.js"
"6f299d31fce96f44ec79b1063cb6548f16c2af7e","6f299d31f","2026-03-27","false","cache/assets","assets-version-only","not-applicable-v2","1","Fix simulator freight submit and bump assets","M:boot.php"
"6c380ca9dfc4e60f4fcef2e57cd1aeb142b6061c","6c380ca9d","2026-03-27","true","simulador-precos","merge","ignore-merge","0","Merge pull request #678 from agileecommerce/fix/simulador-frete-decimal-v4",""
"c01e0080a0494825809b5db6792e1712dcfbd15d","c01e0080a","2026-03-27","false","simulador-precos","behavior-change","compare-and-likely-migrate","1","Send simulator packaging in API-compatible format","M:components/simulador-precos.php"
"629769c7fb43b2bfa040cbe6f27103ca355a642f","629769c7f","2026-03-27","false","simulador-precos","cache-or-assets","compare-and-likely-migrate","1","Normalize masked freight value before simulator submit","M:assets/js/components/simulador-precos.js"
"b88f9f59bf9d141c2ccb3018ce33533ff1c47f6d","b88f9f59b","2026-03-27","false","simulador-precos","behavior-change","compare-and-likely-migrate","1","Keep simulator freight fix scoped to freight parameter","M:components/simulador-precos.php"
"314d479401b7145a27795bac6e46e1c6c72f51c6","314d47940","2026-03-27","false","cache/assets","assets-version-only","not-applicable-v2","1","Bump admin assets version for simulator freight submit fix","M:boot.php"
"2f0bf85a182a0ee0460b1c954d62da68b816623b","2f0bf85a1","2026-03-27","true","simulador-precos","merge","ignore-merge","0","Merge pull request #679 from agileecommerce/fix/simulador-frete-decimal-v5",""
"f4235fad376040c3a0a8fd57bc9bc0031a8768df","f4235fad3","2026-03-29","false","controllers","cache-or-assets","triage-needed","2","Simplifica renovacao de cache para API efetiva","M:boot.php|M:controllers/api-controller.php"
"e4356e21986a07cfdddf9957090e54f93e3f6198","e4356e219","2026-03-29","false","configuracoes","form-field-or-form-flow","triage-needed","1","Inicializa parametros ao publicar versao do cache","M:controllers/api-controller.php"
"21b9e3a436ff3f459f8938c0218b2a47cbe84914","21b9e3a43","2026-03-30","true","geral","merge","ignore-merge","1","Merge remote-tracking branch 'origin/master' into feature/admin-agent-external-channel-integrations","MM:boot.php"
"97ad25fe57fbb111577df7c3f096ae6b6086638d","97ad25fe5","2026-03-30","false","components","behavior-change","triage-needed","1","add placeholders","M:components/apps-form.php"
"6bc472a13601a90bf44b48edbac92f013e659411","6bc472a13","2026-03-30","true","geral","merge","ignore-merge","0","Merge pull request #681 from agileecommerce/chore/app_placeholders",""
"6e9b5f7f33aa4f58336fecb5137d533351b815cf","6e9b5f7f3","2026-03-30","false","integracao-erp/servicos","ui-flow-or-visual","triage-needed","3","Improve integration execution log modal","M:assets/js/components/servicos-integracao-form.js|M:components/servicos-integracao-form.php|M:controllers/servicos-integracao-controller.php"
"06679e9165a8bf3cef43d85c4d8132faaf0d6970","06679e916","2026-03-30","false","cache/assets","assets-version-only","not-applicable-v2","1","Bump admin assets version","M:boot.php"
"adc91efd3bc18783b9f9e385bc7f94bbd57bb5e9","adc91efd3","2026-03-30","false","autenticacao/sessao","cache-or-assets","triage-needed","1","Usa token da sessao no limpar cache","M:controllers/api-controller.php"
"ddc50c41d9e8f7ca8e9db6dff0b9bc6b7421f32a","ddc50c41d","2026-03-30","false","geral","bugfix","triage-needed","1","fix: support local admin on port 8080","M:boot.php"
"28c260db583ea15e4b6448062716c40ae01d0e4a","28c260db5","2026-03-30","true","geral","merge","ignore-merge","1","Merge remote-tracking branch 'origin/master' into feature/admin-agent-external-channel-integrations","MM:boot.php"
"64ce3d3f0aeda23a6e3d62c654c4201c587fccf7","64ce3d3f0","2026-03-30","true","geral","merge","ignore-merge","0","Merge pull request #682 from agileecommerce/feature/admin-agent-external-channel-integrations",""
"e7b8acc90dd2ec3d4ad7cf8d614f2d1755af060c","e7b8acc90","2026-03-30","false","cache/assets","assets-version-only","not-applicable-v2","1","Update boot.php","M:boot.php"
"565592a44fbda2279286f5c1938fef74681d70e9","565592a44","2026-03-31","false","agente-ia","new-feature-or-screen","compare-and-likely-migrate","6","feat: add scheduled execution UX to agent chat","M:assets/js/components/agente-ia-form.js|M:assets/js/components/agente-ia-launcher.js|M:assets/js/components/notificacoes-push-list.js|M:assets/js/scripts.js|M:components/agente-ia-sidebar.php|M:controllers/agente-ia-controller.php"
"884cd76a267b517380675a49bb330ac3aa0c23ac","884cd76a2","2026-03-31","false","assets","cache-or-assets","triage-needed","2","Correção do acesso rápido","M:assets/js/scripts.js|M:boot.php"
"5a3d2e998c4772f41dbefdd90150d44649658744","5a3d2e998","2026-03-31","true","geral","merge","ignore-merge","0","Merge pull request #683 from agileecommerce/fix/acesso-rapido",""
"2c4ee3ef4e0b2fda3835697a5c19f527aa83b55b","2c4ee3ef4","2026-03-31","false","controllers","form-field-or-form-flow","triage-needed","4","Fix admin cache invalidation flows","M:controllers/api-controller.php|M:controllers/areas-pagina-controller.php|M:controllers/componentes-campos-controller.php|M:controllers/componentes-controller.php"
"178e07260914ff6185372cf331cfbb913ce0586f","178e07260","2026-03-31","true","geral","merge","ignore-merge","0","Merge branch 'codex/fix-cache-renew-global'",""
"0042eb0f3f4cc70717f2d2cf282fb5c0daf48421","0042eb0f3","2026-03-31","true","assets","merge","ignore-merge","1","Merge pull request #684 from agileecommerce/feature/admin-agent-scheduled-executions","MM:assets/js/scripts.js"
"47186503502d592286328a7fb76eaeb41753c7fb","471865035","2026-03-31","false","cache/assets","assets-version-only","not-applicable-v2","1","Update boot.php","M:boot.php"
"2eac8a1ff43473f115dc660ca317ec8f1b007564","2eac8a1ff","2026-03-31","false","agente-ia","bugfix","compare-and-likely-migrate","2","Corrige timezone do historico do agente","M:assets/js/components/agente-ia-form.js|M:boot.php"
"12ff54dea7b96a8f3f5b8fa0993aba57a50bb5d9","12ff54dea","2026-03-31","true","geral","merge","ignore-merge","1","Merge branch 'master' of https://github.com/agileecommerce/admin into fix/admin-agent-history-timezone","MM:boot.php"
"027a48025cb39665966676069f11d29567b1dcc9","027a48025","2026-04-01","true","geral","merge","ignore-merge","0","Merge pull request #686 from agileecommerce/fix/admin-agent-history-timezone",""
"4e4da53ab2497a927f2e2638d0249e40a79d9b08","4e4da53ab","2026-04-01","false","agente-ia","ui-flow-or-visual","compare-and-likely-migrate","3","fix(agente-ia): ajustar dark mode da sidebar e contraste de textos","M:boot.php|M:components/agente-ia-sidebar.php|M:index.php"
"eae861a81d77541e1a77beb763342fd6813d304e","eae861a81","2026-04-01","true","agente-ia","merge","ignore-merge","0","Merge pull request #688 from agileecommerce/fix/agente-ia-dark-theme-sidebar",""
"7d05230f6fd0b273a1798f76e596b549a3558f45","7d05230f6","2026-04-01","false","filiais","cache-or-assets","compare-and-likely-migrate","3","Ajusta autocomplete de grupos de filiais","M:assets/js/components/grupos-filiais-form.js|M:components/grupos-filiais-form.php|M:controllers/grupos-filiais-controller.php"
"507f20d4267386f8d2611c7e66a3cbe650ad1ee4","507f20d42","2026-04-01","true","filiais","merge","ignore-merge","0","Merge pull request #689 from agileecommerce/fix/grupos-filiais-autocomplete",""
"00efbc3939a8d5e0bda3a806b1906184ee8c78f9","00efbc393","2026-04-01","false","filiais","form-field-or-form-flow","compare-and-likely-migrate","3","Adiciona campos complementares em filiais","M:assets/js/components/filiais-form.js|M:components/filiais-form.php|M:controllers/filiais-controller.php"
"5e42c1feec28c2ca0eb36773fc26bc301c6a57d1","5e42c1fee","2026-04-01","false","cache/assets","assets-version-only","not-applicable-v2","1","Atualiza versão de assets","M:boot.php"
"e5a5d090b0f8de39f9c8d6cb7130f6226b0364fa","e5a5d090b","2026-04-01","true","filiais","merge","ignore-merge","0","Merge pull request #690 from agileecommerce/fix/filiais-campos-adicionais",""
"f1d5ed69a1cb72cdf51bd9b5b646d4ca20488333","f1d5ed69a","2026-04-01","false","processos-relatorios","cache-or-assets","compare-and-likely-migrate","3","Ajusta download de processos com tenant por aba","M:assets/js/components/processos-relatorios-list.js|M:boot.php|M:download.php"
"89317e26b898ff10c9b0017fb43020d4c791fbf8","89317e26b","2026-04-01","false","processos-relatorios","cache-or-assets","compare-and-likely-migrate","2","Ajusta download para abrir na mesma aba","M:assets/js/components/processos-relatorios-list.js|M:boot.php"
"a955cc491cf358b6d0e0e760a2ac3997b70935d5","a955cc491","2026-04-01","true","geral","merge","ignore-merge","0","Merge pull request #691 from agileecommerce/fix/download-tenant-context",""
"65d9251061bcc912d3d01d338b7cae027f01505c","65d925106","2026-04-01","false","autenticacao/sessao","behavior-change","triage-needed","1","Remoção do Console log para exibição do token","M:includes/firebase-scripts.php"
"c2e75edc1ca9a7b27b27169307bdf1fa5e328053","c2e75edc1","2026-04-01","true","autenticacao/sessao","merge","ignore-merge","0","Merge pull request #692 from agileecommerce/fix/remove-console-token",""
"957d6d08669da6fdaa7992d1cdf0213def76e484","957d6d086","2026-04-01","false","navegacao/menu","new-feature-or-screen","compare-and-likely-migrate","5","feat: add billing upgrade banner and details view","M:boot.php|A:components/billing-upgrade-details.php|A:controllers/billing-upgrade-controller.php|M:controllers/tenant-context-controller.php|M:includes/header.php"
"c5e30a6c7c03bc735a9c2a617294a2cc3875e4f9","c5e30a6c7","2026-04-02","false","controllers","bugfix","triage-needed","1","fix: gate billing banner by cobranca_upgrade","M:controllers/billing-upgrade-controller.php"
"827d39c198f9308970024c939a79956cda7f798c","827d39c19","2026-04-02","true","geral","merge","ignore-merge","1","Merge pull request #693 from agileecommerce/chore/local-env-api-teste-fecoep","MM:boot.php"
"41b58316997ab10f44345784081f57f608aadbf2","41b583169","2026-04-02","false","cache/assets","assets-version-only","not-applicable-v2","1","Update boot.php","M:boot.php"
"a6eaa894b99d5c3eb9c3679b02442351029c1684","a6eaa894b","2026-04-02","false","navegacao/menu","ui-flow-or-visual","compare-and-likely-migrate","1","Fix mobile billing upgrade banner layout","M:includes/header.php"
"26c1569a2f00887f98915a53100015707496af81","26c1569a2","2026-04-02","true","geral","merge","ignore-merge","0","Merge pull request #694 from agileecommerce/fix/mobile-billing-upgrade-banner-menu",""
"f084125797db87d890533a2a5fd4945bd50a8cda","f08412579","2026-04-06","false","apps","bugfix","triage-needed","2","fix: atualiza branch de publicacao dos apps para develop","M:controllers/apps-controller.php|M:includes/github_helper.php"
"751058d30ed76f9a90445051da1e3a2d0ddaab41","751058d30","2026-04-06","true","geral","merge","ignore-merge","0","Merge pull request #695 from agileecommerce/fix/update-app-publication-branch-develop",""
"ea7d5957cb2f18dd6c62546a27f4dcbcd38418e8","ea7d5957c","2026-04-06","false","components","behavior-change","triage-needed","1","Ajuste de encode para cadastro/edição de scripts","M:components/cadastro-scripts-form.php"
"43b1fed0291c3b9f69474e101882babf640023e3","43b1fed02","2026-04-06","true","geral","merge","ignore-merge","0","Merge pull request #696 from agileecommerce/fix/cadastro-script-root",""
"9b3bf870a9c48c6c89a4ca52e0efeaa62843c8d7","9b3bf870a","2026-04-07","false","notificacoes-painel","bugfix","compare-and-likely-migrate","3","Corrige empresa selecionada em notificacoes painel e atualiza assets version","M:assets/js/components/notificacoes-painel-form.js|M:boot.php|M:controllers/notificacoes-painel-controller.php"
"a716dc6a6e738e20675f4fa2fcfd8d5abe92882d","a716dc6a6","2026-04-07","true","notificacoes-painel","merge","ignore-merge","0","Merge pull request #697 from agileecommerce/fix/notificacao-painel-empresa-selecionada",""
"ebffcf6c231fb7f8d6e9421916d981ca4b2a17f4","ebffcf6c2","2026-04-07","false","formularios","form-field-or-form-flow","compare-and-likely-migrate","3","fix: corrige mascara monetaria em formularios","M:assets/js/components/compre-ganhe-form.js|M:assets/js/components/produtos-tabelas-preco-form.js|M:boot.php"
"8397a156d464b943537dbe9061508198757becf4","8397a156d","2026-04-07","true","geral","merge","ignore-merge","0","Merge pull request #698 from agileecommerce/fix/inputmask-monetario-compre-ganhe-tabela-preco",""
"1b0fcff41dadb09019a6465180124c878e885e90","1b0fcff41","2026-04-07","false","integracao-erp/interfaces-consulta","new-feature-or-screen","compare-and-likely-migrate","7","feat: adiciona cadastro de interfaces de consulta no admin","M:AgileEcommerceAdmin.phpproj|A:assets/js/components/cadastro-interfaces-consulta-form.js|A:assets/js/components/cadastro-interfaces-consulta-list.js|A:components/cadastro-interfaces-consulta-form.php|A:components/cadastro-interfaces-consulta-list.php|A:controllers/cadastro-interfaces-consulta-controller.php|M:includes/menu.php"
"f8b50c13e74977e435a3749e5b07cbb5401bdb45","f8b50c13e","2026-04-08","false","navegacao/menu","new-feature-or-screen","compare-and-likely-migrate","3","Adiciona faixa de pendencia financeira no topo","M:controllers/billing-upgrade-controller.php|M:includes/header.php|M:index.php"
"7123ca80ccac2330d56064f0f83d4d2ed9c3ac8f","7123ca80c","2026-04-08","false","navegacao/menu","behavior-change","compare-and-likely-migrate","2","Ajusta destaque e contatos da faixa financeira","M:controllers/billing-upgrade-controller.php|M:includes/header.php"
"3380f0aa0821421f0d991a559f6b5bfd4e5196da","3380f0aa0","2026-04-08","false","navegacao/menu","cache-or-assets","compare-and-likely-migrate","5","Destaca pendencias no login e na faixa","M:assets/js/components/login-form.js|M:assets/js/scripts.js|M:boot.php|M:controllers/billing-upgrade-controller.php|M:includes/header.php"
"4ed10479ee4d1f205a010914715542423e0f5323","4ed10479e","2026-04-08","false","navegacao/menu","ui-flow-or-visual","compare-and-likely-migrate","4","Refina modal e mensagens de pendencia","M:assets/js/scripts.js|M:boot.php|M:controllers/billing-upgrade-controller.php|M:includes/header.php"
"fb3f73505facc0d4c3eb3cd3729fb2093b62b010","fb3f73505","2026-04-08","false","navegacao/menu","behavior-change","compare-and-likely-migrate","2","Refina textos e espacamentos das pendencias","M:controllers/billing-upgrade-controller.php|M:includes/header.php"
"2f5901daae4dc86d19cbd095f3ba3d1b3a9b2e8b","2f5901daa","2026-04-08","false","billing/faixa-financeira","ui-flow-or-visual","compare-and-likely-migrate","1","Ajusta estilo do modal de pendencias","M:controllers/billing-upgrade-controller.php"
"4b59fff2d570534bd69cb2732fd7f509977ce8c6","4b59fff2d","2026-04-08","false","contatos","ui-flow-or-visual","compare-and-likely-migrate","1","Ajusta separador dos contatos no modal","M:controllers/billing-upgrade-controller.php"
"0b3694fa6d54b509024feaf99f1253bc956f2bcf","0b3694fa6","2026-04-08","false","gateways-pagamento","form-field-or-form-flow","compare-and-likely-migrate","75","Padroniza invalidacao de cache remoto no admin","M:controllers/api-controller.php|M:controllers/api-erp-controller.php|M:controllers/areas-pagina-controller.php|M:controllers/arquivos-controller.php|M:controllers/banco-dados-erp-controller.php|M:controllers/banners-controller.php|M:controllers/campanhas-compre-junto-controller.php|M:controllers/campanhas-descontounidade-controller.php|M:controllers/campanhas-levepague-controller.php|M:controllers/canais-distribuicao-controller.php|M:controllers/clientes-controller.php|M:controllers/colecoes-controller.php|M:controllers/componentes-campos-controller.php|M:controllers/componentes-controller.php|M:controllers/compre-ganhe-controller.php|M:controllers/condicoes-pagamento-controller.php|M:controllers/configuracoes-clientes-controller.php|M:controllers/configuracoes-entregas-controller.php|M:controllers/configuracoes-geral-controller.php|M:controllers/configuracoes-ia-controller.php|M:controllers/configuracoes-inicio-controller.php|M:controllers/configuracoes-layout-controller.php|M:controllers/configuracoes-pedidos-controller.php|M:controllers/configuracoes-precos-controller.php|M:controllers/configuracoes-produtos-controller.php|M:controllers/configuracoes-vendedores-controller.php|M:controllers/conversores-pagamento-controller.php|M:controllers/cupons-desconto-controller.php|M:controllers/departamentos-controller.php|M:controllers/emails-templates-controller.php|M:controllers/empresas-controller.php|M:controllers/filiais-controller.php|M:controllers/formas-entrega-controller.php|M:controllers/formas-pagamento-controller.php|M:controllers/formularios-campos-controller.php|M:controllers/fornecedores-controller.php|M:controllers/funcionalidades-controller.php|M:controllers/gateways-pagamento-controller.php|M:controllers/grades-controller.php|M:controllers/grupos-controller.php|M:controllers/grupos-promocao-controller.php|M:controllers/imagens-erp-controller.php|M:controllers/implantacoes-controller.php|M:controllers/integracao-apps-controller.php|M:controllers/integracao-atendimento-controller.php|M:controllers/integracao-cliente-controller.php|M:controllers/integracao-financeiro-controller.php|M:controllers/integracao-login-controller.php|M:controllers/integracao-logistica-controller.php|M:controllers/integracao-marketing-controller.php|M:controllers/integracao-notificacoes-controller.php|M:controllers/integracao-promocoes-controller.php|M:controllers/integracao-scripts-controller.php|M:controllers/integracao-seguranca-controller.php|M:controllers/listas-controller.php|M:controllers/marcas-controller.php|M:controllers/notificacoes-controller.php|M:controllers/paginas-controller.php|M:controllers/parametros-empresa-controller.php|M:controllers/parametros-erp-controller.php|M:controllers/perfis-controller.php|M:controllers/portos-controller.php|M:controllers/produtos-controller.php|M:controllers/produtos-departamentos-controller.php|M:controllers/promocoes-controller.php|M:controllers/redes-controller.php|M:controllers/segmentos-controller.php|M:controllers/supervisores-controller.php|M:controllers/transportadoras-controller.php|M:controllers/usuarios-controller.php|M:controllers/vendedores-controller.php|M:docs/04-convencoes-iniciais.md|M:docs/06-padroes-por-area.md|M:docs/ai/skills/backend-controllers.skill.md|M:docs/architecture/backend-controllers.md"
"40aa4d4c2f24d45eee74171d507e1d02218618f0","40aa4d4c2","2026-04-09","false","integracoes/clientes-marketing","ui-flow-or-visual","compare-and-likely-migrate","4","feat: ajusta integracao de clientes","M:assets/sass/dark-theme.css|M:components/integracao-cliente-form.php|M:components/integracao-marketing-form.php|M:controllers/integracao-cliente-controller.php"
"efa16a524a6eb88da590082fb46b42b59827c0c0","efa16a524","2026-04-09","false","condicoes-pagamento","table-column-or-display","compare-and-likely-migrate","4","Corrige listagem e edição de restrições em condições de pagamento e atualiza badgeativo","M:assets/js/components/condicoes-pagamento-form.js|M:boot.php|M:components/condicoes-pagamento-form.php|M:controllers/condicoes-pagamento-controller.php"
"975ef5f2a23bbc21c042dfbdab01c6ccf30c4193","975ef5f2a","2026-04-09","true","condicoes-pagamento","merge","ignore-merge","0","Merge pull request #699 from agileecommerce/feature/condicoes-pagamento-restricoes",""
"55ca91489696431f41720beb82b559ad937bcb40","55ca91489","2026-04-09","false","condicoes-pagamento","new-feature-or-screen","compare-and-likely-migrate","3","feat: implementa editor de exceções para condições de pagamento","M:assets/js/components/condicoes-pagamento-form.js|M:components/condicoes-pagamento-form.php|M:controllers/condicoes-pagamento-controller.php"
"00f51db6c62582ca90d1ee78f0e4759b091059f0","00f51db6c","2026-04-09","false","condicoes-pagamento","form-field-or-form-flow","compare-and-likely-migrate","1","fix: restaura aba de Restrições no formulário de condições de pagamento","M:components/condicoes-pagamento-form.php"
"d2bf170aac349ede8a3412abeeaadb65bd0d2d0a","d2bf170aa","2026-04-09","false","condicoes-pagamento","new-feature-or-screen","compare-and-likely-migrate","4","Implementa CRUD de exceções e proteção de registros sincronizados","M:assets/js/components/condicoes-pagamento-form.js|M:boot.php|M:components/condicoes-pagamento-form.php|M:controllers/condicoes-pagamento-controller.php"
"c870975f40634f5147f3b120b3a3e680ba2edc2d","c870975f4","2026-04-09","true","condicoes-pagamento","merge","ignore-merge","0","Merge pull request #700 from agileecommerce/feature/excecoes-condicoes-pagamento",""
"7ac000ca6d536e32e40d5fb47e408cae65a5aeed","7ac000ca6","2026-04-09","false","contatos","new-feature-or-screen","compare-and-likely-migrate","4","feat(contatos): ajusta edição de contatos no admin","M:assets/js/components/contatos-list.js|A:components/contato-editar.php|M:components/contatos-list.php|M:controllers/contatos-controller.php"
"3c79a0d639ee21348105dc9d6300beaf487f17e7","3c79a0d63","2026-04-09","true","contatos","merge","ignore-merge","0","Merge pull request #701 from agileecommerce/feat/edicao_contatos",""
"61eee74065cd028742b8f89e0da105a29dc41d47","61eee7406","2026-04-09","false","cache/assets","assets-version-only","not-applicable-v2","1","chore: atualiza ASSETS_VERSION para 977","M:boot.php"
"2759a37dd0187ecca35015681f9b0b0d386e453c","2759a37dd","2026-04-09","true","contatos","merge","ignore-merge","0","Merge pull request #702 from agileecommerce/feat/edicao_contatos",""
"4e70062f0fdf5a71b3b84e91497fb42a4696ab43","4e70062f0","2026-04-10","false","configuracoes","cache-or-assets","triage-needed","4","Inclusão dos Parâmetros para Área do Vendedor V2","M:assets/js/components/configuracoes-vendedores-form.js|M:boot.php|M:components/configuracoes-vendedores-form.php|M:controllers/configuracoes-vendedores-controller.php"
"25d54d0b375305aacf5bdc56f98e48a6dfc52f3e","25d54d0b3","2026-04-10","false","configuracoes","behavior-change","triage-needed","1","Inclusão de lógica controller","M:controllers/configuracoes-vendedores-controller.php"
"faa1219852ce8801150487b2bf3c81f526f43f86","faa121985","2026-04-10","false","navegacao/menu","cache-or-assets","compare-and-likely-migrate","3","Ajuste de visualização no menu do usuário","M:assets/css/style.bundle.css|M:boot.php|M:includes/header.php"
"29cbc8677ff23a86adc5ecd8c515d8165d82acc4","29cbc8677","2026-04-10","false","navegacao/menu","behavior-change","compare-and-likely-migrate","1","Inclusão do Token","M:includes/header.php"
"63dd496293d47dd200503837645fce2741114274","63dd49629","2026-04-10","false","pedidos","behavior-change","compare-and-likely-migrate","1","Hide technical order logs by default","M:components/pedidos-detalhe.php"
"8f547478918dbf186c643b249a3a302f207040f3","8f5474789","2026-04-10","false","pedidos","ui-flow-or-visual","compare-and-likely-migrate","1","Fix order detail logs modal rendering","M:components/pedidos-detalhe.php"
"fc467b194c99b401b241b70cda2066458a79b643","fc467b194","2026-04-10","false","pedidos","behavior-change","compare-and-likely-migrate","1","Hide technical log json actions by default","M:components/pedidos-detalhe.php"
"cf1718b2485497b19a7fc4b17c91dc18eb8c8ca0","cf1718b24","2026-04-10","false","pedidos","behavior-change","compare-and-likely-migrate","1","Restringe logs tecnicos a usuarios master","M:components/pedidos-detalhe.php"
"7faa02b22feea9ea0203c0c5c3fdfc85bc50ec05","7faa02b22","2026-04-10","false","pedidos","bugfix","compare-and-likely-migrate","1","Corrige exibicao de botoes de log tecnico","M:components/pedidos-detalhe.php"
"7a57640cb2ddc541f3294ab1e9f70f7c1da283a8","7a57640cb","2026-04-10","false","pedidos","bugfix","compare-and-likely-migrate","1","Corrige carga de produtos e logs no detalhe do pedido","M:components/pedidos-detalhe.php"
"4eccfd8e535b5d244274f72304c47cf1229cf54a","4eccfd8e5","2026-04-10","false","pedidos","cache-or-assets","compare-and-likely-migrate","5","Explica regras de rastreabilidade no detalhe do pedido","M:assets/js/components/pedidos-detalhe.js|M:boot.php|M:components/pedidos-detalhe.php|M:docs/ai/skills/ui-ux/components.md|M:includes/helpers.php"
"c28adc182fb2462c9c209d3aad24e08ed866e7b0","c28adc182","2026-04-10","false","apps","bugfix","triage-needed","1","Remove admin app-level HTTPS redirect","M:boot.php"
"72e2e3948f1930c6982f9b84686faf5fe2b28fe2","72e2e3948","2026-04-10","false","pedidos","ui-flow-or-visual","compare-and-likely-migrate","3","Corrige modal tecnico do detalhe do pedido","M:assets/js/components/pedidos-detalhe.js|M:boot.php|M:components/pedidos-detalhe.php"
"fa64cb6c3101bf8162478d704c7c90d51384e872","fa64cb6c3","2026-04-10","true","configuracoes","merge","ignore-merge","1","Merge branch 'master' into feat/parametros-area-v2","MM:boot.php"
"10913f5cb8caafed56f2924bbb04637f70bd3ea6","10913f5cb","2026-04-10","true","configuracoes","merge","ignore-merge","0","Merge pull request #703 from agileecommerce/feat/parametros-area-v2",""
"cb2092f786f0423a20b0ce48b2b2e3703c002cbc","cb2092f78","2026-04-10","false","pedidos","ui-flow-or-visual","compare-and-likely-migrate","2","Corrige estabilidade e layout do modal tecnico","M:assets/js/components/pedidos-detalhe.js|M:components/pedidos-detalhe.php"
"4ed6755d0ba30f16188f023df4971dd915ae40ee","4ed6755d0","2026-04-10","false","pedidos","ui-flow-or-visual","compare-and-likely-migrate","1","Alinha modal tecnico ao tamanho do detalhe do pedido","M:components/pedidos-detalhe.php"
"1e291e5a550a5f7bfb8cea39dcf467e85980d46c","1e291e5a5","2026-04-10","false","integracao-erp/interfaces-consulta","cache-or-assets","compare-and-likely-migrate","3","Refatora admin de interface de consulta","M:assets/js/components/cadastro-interfaces-consulta-form.js|M:components/cadastro-interfaces-consulta-form.php|M:controllers/cadastro-interfaces-consulta-controller.php"
"5003de21a2539e440cd755e064a69d15bed63a5b","5003de21a","2026-04-10","false","includes","behavior-change","triage-needed","1","Traduz regras amigaveis de rastreabilidade","M:includes/helpers.php"
"bc07a7a2b6ffff72635b4c57287827480490b2c8","bc07a7a2b","2026-04-10","false","integracao-erp/interfaces-consulta","cache-or-assets","compare-and-likely-migrate","3","Evolui override de interface de consulta","M:assets/js/components/cadastro-interfaces-consulta-form.js|M:components/cadastro-interfaces-consulta-form.php|M:controllers/cadastro-interfaces-consulta-controller.php"
"933b95475f779febea853dcee3138362a37572ad","933b95475","2026-04-10","false","integracao-erp/interfaces-consulta","cache-or-assets","compare-and-likely-migrate","1","Expone transformacao razor template no admin","M:assets/js/components/cadastro-interfaces-consulta-form.js"
"2e387bfb78de114a93e2f20d16cd5b7c9ff8b484","2e387bfb7","2026-04-10","true","geral","merge","ignore-merge","1","Merge branch 'master' into fix/user-card-information","MM:boot.php"
"a205a665013298056960bc7d321cb4ad8e7ee584","a205a6650","2026-04-10","true","geral","merge","ignore-merge","0","Merge pull request #704 from agileecommerce/fix/user-card-information",""
"2e7e273453c0183769ac6ecaa3211ff39d962127","2e7e27345","2026-04-10","false","cache/assets","assets-version-only","not-applicable-v2","1","Bump assets version","M:boot.php"
"ff640d50f545621564509897d56177f9c1c916b6","ff640d50f","2026-04-10","true","integracao-erp/interfaces-consulta","merge","ignore-merge","1","Merge origin/master into feature/interfaces-consulta-admin","MM:boot.php"
"540b0ba97e641a28191acf79ea1b797ed46503ae","540b0ba97","2026-04-10","true","integracao-erp/interfaces-consulta","merge","ignore-merge","0","Merge pull request #705 from agileecommerce/feature/interfaces-consulta-admin",""
"026924a2b701e0b4c9b51ddc7e86d0c6362d079a","026924a2b","2026-04-11","false","pedidos","new-feature-or-screen","compare-and-likely-migrate","3","Adiciona memoria de preco no detalhe do pedido","M:assets/js/components/pedidos-detalhe.js|M:boot.php|M:components/pedidos-detalhe.php"
"49574a473da20924e98a6a3b266da671f9fcccf2","49574a473","2026-04-11","false","pedidos","bugfix","compare-and-likely-migrate","1","Corrige exibicao da memoria de preco no detalhe","M:components/pedidos-detalhe.php"
"1be48e949b94b784b6055c88cc08345c1f973e69","1be48e949","2026-04-11","false","pedidos","cache-or-assets","compare-and-likely-migrate","3","Ajusta camadas e tamanhos dos modais do detalhe","M:assets/js/components/pedidos-detalhe.js|M:boot.php|M:components/pedidos-detalhe.php"
"7dbb9525fb100f2839163ec0decc6ae909a1b3a1","7dbb9525f","2026-04-11","false","simulador-precos","behavior-change","compare-and-likely-migrate","1","Alinha memoria de preco ao simulador","M:components/pedidos-detalhe.php"
"2e29335c3c3c3572241f0fe42a77ba881ed50112","2e29335c3","2026-04-11","false","pedidos","ui-flow-or-visual","compare-and-likely-migrate","1","Ajusta layout da memoria de preco","M:components/pedidos-detalhe.php"
"f1c9667fe1027acbe7a3136f0080884f5377bc1a","f1c9667fe","2026-04-11","false","pedidos","new-feature-or-screen","compare-and-likely-migrate","3","Adiciona cabecalho do produto aos modais tecnicos","M:assets/js/components/pedidos-detalhe.js|M:boot.php|M:components/pedidos-detalhe.php"
"8db993d97bc6a2975da8ff330f4030d172ed9b1b","8db993d97","2026-04-11","false","pedidos","bugfix","compare-and-likely-migrate","2","Corrige mascara dos modais do detalhe","M:assets/js/components/pedidos-detalhe.js|M:boot.php"
"57443d82dd07a12a13a7cc7223d68396096b2c06","57443d82d","2026-04-11","false","integracao-erp/interfaces-consulta","cache-or-assets","compare-and-likely-migrate","2","Expoe resolucao de valor no cadastro de interfaces","M:assets/js/components/cadastro-interfaces-consulta-form.js|M:controllers/cadastro-interfaces-consulta-controller.php"
"28ccf8316ab0b352a2edc2dce0fc9004e2f6333a","28ccf8316","2026-04-11","true","integracao-erp/interfaces-consulta","merge","ignore-merge","0","Merge remote-tracking branch 'origin/master' into feature/interfaces-consulta-admin",""
"ca6404649f636c2e40a753c8d6e11e1b2036e36a","ca6404649","2026-04-11","true","integracao-erp/interfaces-consulta","merge","ignore-merge","0","Merge pull request #706 from agileecommerce/feature/interfaces-consulta-admin",""
"4e4ebb4c7588b9381145c80473cb1e3673020672","4e4ebb4c7","2026-04-12","false","integracao-erp/interfaces-consulta","ui-flow-or-visual","compare-and-likely-migrate","3","Refina modal de query nas interfaces de consulta","M:assets/js/components/cadastro-interfaces-consulta-form.js|M:components/cadastro-interfaces-consulta-form.php|M:controllers/cadastro-interfaces-consulta-controller.php"
"d4a81d50dfeda6f860b7dc820f89351a807012da","d4a81d50d","2026-04-12","false","cache/assets","assets-version-only","not-applicable-v2","1","Bump assets version","M:boot.php"
"19d9cb550b4add9cee5efb250c3966d0c548c953","19d9cb550","2026-04-12","true","integracao-erp/interfaces-consulta","merge","ignore-merge","0","Merge pull request #707 from agileecommerce/feature/interfaces-consulta-admin",""
"5c450002795ed42288f7820ffc06c46b7f3f2b71","5c4500027","2026-04-13","false","autenticacao/sessao","ui-flow-or-visual","triage-needed","1","fix: exibir modal de desconexao no erro do ui-bootstrap","M:assets/js/scripts.js"
"0bff07985cdf5f70b7db467f5cef612168e432fd","0bff07985","2026-04-13","false","cache/assets","assets-version-only","not-applicable-v2","1","chore: incrementar ASSETS_VERSION para 986","M:boot.php"
"e64098cfd5a03f55ea5b10b3a42cf70051f50dcb","e64098cfd","2026-04-13","true","geral","merge","ignore-merge","0","Merge pull request #708 from agileecommerce/fix/ui-bootstrap-session-modal",""
"6ae00a8b3cd9575534904eb757437f499544dcd5","6ae00a8b3","2026-04-13","false","simulador-precos","bugfix","compare-and-likely-migrate","1","fix: corrige chamada getApiV1 inexistente para getApiV2 no simulador de precos","M:components/simulador-precos.php"
"6574c95bdb1d57a3f0d8fdf28f8bc989b9b7d9c0","6574c95bd","2026-04-13","true","simulador-precos","merge","ignore-merge","0","Merge pull request #709 from agileecommerce/fix/simulador-precos-getapiv2",""
"df6eb3df67f20a93b73a604883ca4cd398ff2aca","df6eb3df6","2026-04-13","false","condicoes-pagamento","form-field-or-form-flow","compare-and-likely-migrate","4","feat: ajustes no formulário de condições de pagamento","M:assets/js/components/condicoes-pagamento-form.js|M:boot.php|M:components/condicoes-pagamento-form.php|M:controllers/condicoes-pagamento-controller.php"
"2ded7dbffb8cb6bcd9d6baf5456aa65582813215","2ded7dbff","2026-04-13","true","condicoes-pagamento","merge","ignore-merge","0","Merge pull request #710 from agileecommerce/feat/condicoes-pagamento-ajustes",""
"e6686a8f88f172440e22542682247ea0ef4395f6","e6686a8f8","2026-04-13","false","integracao-erp/servicos","new-feature-or-screen","triage-needed","5","feat: improve protheus auth diagnostics in admin","M:assets/js/components/editor-sql-tabed-form.js|M:assets/js/scripts.js|M:boot.php|M:controllers/servicos-integracao-controller.php|M:includes/header.php"
"3f81b96d05409d8a821690273011e48118260a72","3f81b96d0","2026-04-13","false","cache/assets","assets-version-only","not-applicable-v2","1","chore: revert local boot overrides and bump assets","M:boot.php"
"7dd88449c4cdc24cdfd57dd6e7d8ce76b9846acf","7dd88449c","2026-04-13","true","geral","merge","ignore-merge","0","Merge pull request #711 from agileecommerce/feature/protheus-oauth-warning-status",""
"5316cdd227f48d51e8ef0a430f74dd5a6f738ffa","5316cdd22","2026-04-13","false","integracao-erp/servicos","cache-or-assets","triage-needed","4","Ajusta acentuacao das mensagens Protheus","M:assets/js/components/editor-sql-tabed-form.js|M:assets/js/scripts.js|M:boot.php|M:controllers/servicos-integracao-controller.php"
"9699b7cce4ef4d520cd54b1143218efb3a4d7450","9699b7cce","2026-04-15","false","arquivos","cache-or-assets","compare-and-likely-migrate","4","Ajuste de download automático dos arquivos","M:assets/js/components/arquivos-list.js|M:assets/plugins/agile/agile.datatable.simple.js|M:boot.php|M:controllers/arquivos-controller.php"
"519c49710c92331566930e3e1003d4ef46a53b1a","519c49710","2026-04-15","true","geral","merge","ignore-merge","0","Merge pull request #712 from agileecommerce/fix/conteudo-arquivos-download",""
"2a90317114890b4c0269ced4614df827767eafd5","2a9031711","2026-04-15","false","formularios","form-field-or-form-flow","compare-and-likely-migrate","2","Corrige invalidação de cache em formulários","M:controllers/formularios-campos-controller.php|M:controllers/formularios-controller.php"
"38e6327640eaa4bbc3d3c9972705686d016ae471","38e632764","2026-04-15","false","formularios","form-field-or-form-flow","compare-and-likely-migrate","2","Ajusta invalidação segmentada de formulários","M:controllers/formularios-campos-controller.php|M:controllers/formularios-controller.php"
"929884d0687a71d617c1c172972daaf6441c43c3","929884d06","2026-04-17","false","controllers","cache-or-assets","triage-needed","2","Improve remote cache invalidation observability","M:controllers/api-controller.php|M:includes/tenant-context.php"
"f358d19814a731ca75df8f61e9da063030586159","f358d1981","2026-04-17","true","geral","merge","ignore-merge","0","Merge pull request #713 from agileecommerce/chore/remote-cache-sapi-logging",""
"2883f5bf35283a39f5ef4d733199ef20858cf777","2883f5bf3","2026-04-17","false","integracao-erp/servicos","bugfix","triage-needed","1","fix: resetar paginação dos detalhes de execução no admin","M:assets/js/components/servicos-integracao-form.js"
"1e50303115b4fc0bc2df10c8434541c5274ca163","1e5030311","2026-04-17","true","geral","merge","ignore-merge","0","Merge pull request #714 from agileecommerce/fix/dem-0027-reset-paginacao-execucao-detalhes",""
"890fd80c41692d73622a5631e01b0eaaca211268","890fd80c4","2026-04-17","false","cache/assets","assets-version-only","not-applicable-v2","1","Update boot.php","M:boot.php"
"e334b4312b313d5538d10092e9ac72bb1ac23c71","e334b4312","2026-04-22","false","integracao-erp/servicos","cache-or-assets","triage-needed","3","Otimiza carregamento de servicos de integracao","M:assets/js/components/servicos-integracao-form.js|M:boot.php|M:controllers/servicos-integracao-controller.php"
"59a5f9684e09fe3e011cda13ff0521a3ed3eab8e","59a5f9684","2026-04-22","true","integracao-erp/servicos","merge","ignore-merge","0","Merge pull request #715 from agileecommerce/codex/otimiza-servicos-integracao",""
"6e4310d86f90fefd76f071bd572bd28006137b35","6e4310d86","2026-04-22","false","banners/universos","new-feature-or-screen","compare-and-likely-migrate","3","feat: adiciona universos de banner por contexto","M:assets/js/components/banners-form.js|M:assets/js/scripts.js|M:components/banners-form.php"
"3d5d507540da60470d1b1b95455a61c327efbc5a","3d5d50754","2026-04-22","false","banners/universos","bugfix","compare-and-likely-migrate","6","fix: abre autocomplete dos universos de banner","M:assets/js/components/banners-form.js|M:assets/plugins/agile/agile.autocomplete.brand.js|M:assets/plugins/agile/agile.autocomplete.collection.js|M:assets/plugins/agile/agile.autocomplete.departament.js|M:assets/plugins/agile/agile.autocomplete.supplier.js|M:boot.php"
"b5dd1d5bdbd9235975f8b6f841f5da0e7229643b","b5dd1d5bd","2026-04-22","false","arquivos","new-feature-or-screen","compare-and-likely-migrate","32","feat: publica pendencias locais do admin","M:AgileEcommerceAdmin.phpproj|M:assets/css/style.bundle.css|M:assets/js/components/arquivos-list.js|D:assets/js/components/cadastro-interfaces-consulta-form.js|D:assets/js/components/cadastro-interfaces-consulta-list.js|M:assets/js/components/condicoes-pagamento-form.js|M:assets/js/components/configuracoes-vendedores-form.js|M:assets/js/components/editor-sql-tabed-form.js|A:assets/js/components/integracao-pedmais-form.js|M:assets/js/components/servicos-integracao-form.js|M:assets/js/scripts.js|M:assets/plugins/agile/agile.datatable.simple.js|D:components/cadastro-interfaces-consulta-form.php|D:components/cadastro-interfaces-consulta-list.php|M:components/condicoes-pagamento-form.php|M:components/configuracoes-vendedores-form.php|A:components/integracao-pedmais-form.php|M:components/simulador-precos.php|M:controllers/api-controller.php|M:controllers/arquivos-controller.php|D:controllers/cadastro-interfaces-consulta-controller.php|M:controllers/condicoes-pagamento-controller.php|M:controllers/configuracoes-vendedores-controller.php|M:controllers/http-client-controller.php|A:controllers/integracao-pedmais-controller.php|M:controllers/servicos-integracao-controller.php|M:docs/ai/checklist-implementacao-multitenant-multiabas.md|M:docs/projetos/PREMISSAS.md|M:docs/projetos/README.md|M:includes/header.php|M:includes/menu.php|M:includes/tenant-context.php"
"cf9ef9638017505e2786def93b61deebcaf0e4b7","cf9ef9638","2026-04-22","false","components","behavior-change","triage-needed","1","chore: ordena tipos de universo do banner","M:components/banners-form.php"
"47e042744f3c0576dda9cb1454052a5a0b677b2b","47e042744","2026-04-10","false","navegacao/menu","cache-or-assets","compare-and-likely-migrate","2","Ajuste de visualização no menu do usuário","M:assets/css/style.bundle.css|M:includes/header.php"
"a4a63d39573a7d80e7deca30c03232a2761d30a0","a4a63d395","2026-04-10","false","navegacao/menu","behavior-change","compare-and-likely-migrate","1","Inclusão do Token","M:includes/header.php"
"fbdc260f33b5e0b034638d34139a9ea5530a9266","fbdc260f3","2026-04-23","false","cache/assets","assets-version-only","not-applicable-v2","1","chore: atualiza ASSETS_VERSION para 993","M:boot.php"
"6f15ec1cc78fc0ebf55c3811bf0915cd5193a70c","6f15ec1cc","2026-04-23","true","geral","merge","ignore-merge","0","Merge pull request #716 from agileecommerce/fix/user-card-information-replay",""
"e3532dfffbfd0167c2f2a9fbb6f53dfbe37d91ca","e3532dfff","2026-04-23","false","cache/assets","assets-version-only","not-applicable-v2","1","Ajuste de assets_version do boot","M:boot.php"
"c3260b55e69cba71558eafa51365ae4c42f531a9","c3260b55e","2026-04-23","true","geral","merge","ignore-merge","0","Merge pull request #717 from agileecommerce/fix/boot-css",""
"3b91c4c98062d9b0d39508692e564f96ad1835aa","3b91c4c98","2026-04-23","false","components","form-field-or-form-flow","triage-needed","1","Ocultando campos em Integração > Logística > Frenet","M:components/integracao-logistica-form.php"
"aa962852832f60c2a75504a121efeb420b9b6de0","aa9628528","2026-04-23","true","geral","merge","ignore-merge","0","Merge pull request #718 from agileecommerce/fix/integracoes-logistica-frenet",""
"1330409d538a11ea4adab47695ccb10a8290258e","1330409d5","2026-04-23","false","filiais","behavior-change","compare-and-likely-migrate","1","Ajusta opções de seleciona_filial no admin","M:components/configuracoes-clientes-form.php"
"9cc80e880ea7a388ceed8d16a895102ebb9b068b","9cc80e880","2026-04-23","false","arquivos","new-feature-or-screen","compare-and-likely-migrate","31","Revert ""feat: publica pendencias locais do admin""","M:AgileEcommerceAdmin.phpproj|M:assets/js/components/arquivos-list.js|A:assets/js/components/cadastro-interfaces-consulta-form.js|A:assets/js/components/cadastro-interfaces-consulta-list.js|M:assets/js/components/condicoes-pagamento-form.js|M:assets/js/components/configuracoes-vendedores-form.js|M:assets/js/components/editor-sql-tabed-form.js|D:assets/js/components/integracao-pedmais-form.js|M:assets/js/components/servicos-integracao-form.js|M:assets/js/scripts.js|M:assets/plugins/agile/agile.datatable.simple.js|A:components/cadastro-interfaces-consulta-form.php|A:components/cadastro-interfaces-consulta-list.php|M:components/condicoes-pagamento-form.php|M:components/configuracoes-vendedores-form.php|D:components/integracao-pedmais-form.php|M:components/simulador-precos.php|M:controllers/api-controller.php|M:controllers/arquivos-controller.php|A:controllers/cadastro-interfaces-consulta-controller.php|M:controllers/condicoes-pagamento-controller.php|M:controllers/configuracoes-vendedores-controller.php|M:controllers/http-client-controller.php|D:controllers/integracao-pedmais-controller.php|M:controllers/servicos-integracao-controller.php|M:docs/ai/checklist-implementacao-multitenant-multiabas.md|M:docs/projetos/PREMISSAS.md|M:docs/projetos/README.md|M:includes/header.php|M:includes/menu.php|M:includes/tenant-context.php"
"83a18ccd2d2eb337666b168ea6f04de865d7603a","83a18ccd2","2026-04-23","true","geral","merge","ignore-merge","0","Merge pull request #719 from agileecommerce/codex/revert-b5dd-completo",""
"4af61f7e3a47744b982b3e31516fb683540b6eb1","4af61f7e3","2026-04-26","false","formularios","form-field-or-form-flow","compare-and-likely-migrate","4","Ajuste do  módulo de Envios de Formulários","M:assets/js/components/formularios-envios-list.js|M:boot.php|M:components/formularios-envios-detalhe.php|M:controllers/formularios-envios-controller.php"
"b384668f7043cac3ae4f962888cad8b5a1a7e583","b384668f7","2026-04-27","true","formularios","merge","ignore-merge","0","Merge pull request #720 from agileecommerce/fix/formularios-envios",""
"607636dbb398151abc34736e054e4a97659feded","607636dbb","2026-04-28","false","contatos","form-field-or-form-flow","compare-and-likely-migrate","1","Adiciona parametro de contato duplicado","M:components/configuracoes-clientes-form.php"
"4dac71c45c3d8467cddfd7266b4d20d2d9af1d86","4dac71c45","2026-04-28","false","pedidos","new-feature-or-screen","compare-and-likely-migrate","1","Adiciona configuracao para exibir juros nas parcelas","M:components/configuracoes-pedidos-form.php"
"01772320964fb0853646011765dfe634bcae9674","017723209","2026-04-28","false","apps","ui-flow-or-visual","triage-needed","2","fix: estabiliza modal de logs de apps","M:assets/js/components/apps-list.js|M:controllers/apps-controller.php"
"d575fc5e82ee02b3dbab5114a35123ebfa464de4","d575fc5e8","2026-04-28","true","geral","merge","ignore-merge","0","Merge remote-tracking branch 'origin/master' into codex/fix-apps-logs-modal",""
"ea4fee10a7e957845fc31840a16c4e70c2f69b11","ea4fee10a","2026-04-28","false","cache/assets","assets-version-only","not-applicable-v2","1","chore: incrementa versao de assets","M:boot.php"
"91fe47de5bc0d283c389ea7cb865d2dbb74c36ba","91fe47de5","2026-04-28","true","geral","merge","ignore-merge","0","Merge pull request #721 from agileecommerce/codex/fix-apps-logs-modal",""
"e3007392e62f9ba13cb11febf78b26bb318b7e25","e3007392e","2026-04-29","false","configuracoes","cache-or-assets","triage-needed","6","Inclusão das cotas para vendedores da área V2","M:assets/js/components/configuracoes-vendedores-form.js|M:boot.php|M:components/configuracoes-vendedores-form.php|M:components/vendedores-form.php|M:controllers/configuracoes-vendedores-controller.php|M:controllers/vendedores-controller.php"
"6470c5ca578b389cec500a46bba4b71a642ae03d","6470c5ca5","2026-04-29","true","integracoes/clientes-marketing","merge","ignore-merge","1","Merge branch 'feature/integracao-clientes-cfo'","MM:controllers/integracao-cliente-controller.php"
"cb009f47b88e3ecd9ad375871ee1c8316b20c618","cb009f47b","2026-04-29","false","pedidos","new-feature-or-screen","compare-and-likely-migrate","5","feat: adiciona status de entrega devolvido e solicitado","M:assets/js/components/pedidos-detalhe.js|M:boot.php|M:components/pedidos-detalhe.php|M:controllers/pedidos-entrega-controller.php|M:includes/helpers.php"
"ab06f38f3f54438c4a78b6cf960443e8b86486f3","ab06f38f3","2026-04-29","true","geral","merge","ignore-merge","0","Merge pull request #722 from agileecommerce/feat/v2-vendedor-cotas",""
"593b157db89424c772db6b3a18619587dff3f4e5","593b157db","2026-04-29","true","geral","merge","ignore-merge","0","Merge pull request #723 from agileecommerce/feat/status_devolvido_e_cfo",""
"f0cdc9ba64e3a142a8571587e7fb1e5a38f5c7e7","f0cdc9ba6","2026-04-30","false","integracao-erp/gateway-endpoints","new-feature-or-screen","compare-and-likely-migrate","4","feat: expose oauth2 cookie gateway auth","M:components/cadastro-gateways-form.php|M:controllers/cadastro-gateway-endpoints-controller.php|M:controllers/cadastro-servicos-controller.php|M:docs/ai/servicos-integracao-form.md"
"8e15698dd1407069f4e007eebabfb1ef1f38351d","8e15698dd","2026-04-30","true","geral","merge","ignore-merge","0","Merge pull request #724 from agileecommerce/codex/oauth2-cookie-gateway",""
"b22d6f726d348b8cdd8f1eee44533f3c10b92936","b22d6f726","2026-04-30","false","agile-store","ui-flow-or-visual","investigate-v2-scope","41","Adicionar SAC e loja de aplicativos","A:assets/app-store/sac/manual-tecnico-sac.pdf|A:assets/app-store/sac/sac-admin-operacao.png|A:assets/app-store/sac/sac-contratacao.png|A:assets/app-store/sac/sac-front-abertura.png|A:assets/app-store/sac/sac-front-cliente.png|A:assets/app-store/sac/sac-loja-capa.png|A:assets/app-store/sac/sac-navegacao.mp4|A:assets/js/components/app-store-detail.js|A:assets/js/components/app-store-list.js|A:assets/js/components/sac-dashboard.js|A:assets/js/components/sac.js|M:assets/js/scripts.js|M:boot.php|A:components/app-store-detail.php|A:components/app-store-list.php|A:components/sac-areas-assuntos-form.php|A:components/sac-areas-assuntos.php|A:components/sac-chamado-detalhe.php|A:components/sac-chamados.php|A:components/sac-configuracoes.php|A:components/sac-dashboard.php|A:controllers/app-store-controller.php|A:controllers/sac-controller.php|M:docs/README.md|M:docs/ai/README.md|A:docs/ai/agent-change-contract.md|A:docs/ai/ia-first-definition.md|A:docs/ai/knowledge-lifecycle.md|A:docs/ai/metrics/ai-first-scorecard.md|A:docs/ai/skills/app-store.skill.md|M:docs/projetos/README.md|A:docs/projetos/app-store/README.md|A:docs/projetos/app-store/material-comercial-sac.md|A:docs/projetos/sac-completo/README.md|A:includes/app-store-access.php|M:includes/header.php|M:includes/menu.php|A:includes/sac-permissions.php|M:includes/tenant-context.php|A:scripts/app_store_sac_materials.py|A:scripts/sql/2026-04-29-sac-admin-menu.sql"
"30d295d5390f66c46ed768956584d21103adcb0d","30d295d53","2026-04-30","false","importar-planilha/processos-arquivos","form-field-or-form-flow","compare-and-likely-migrate","2","fix(processos-arquivos): filtrar campos por integra_planilha no mapeamento","M:assets/js/components/processos-arquivos-form.js|M:boot.php"
"1bdf6883c7e6f57f9017e678cedd72118a086c47","1bdf6883c","2026-04-30","false","agile-store","new-feature-or-screen","investigate-v2-scope","17","Finaliza ajustes SAC e loja de aplicativos","M:assets/app-store/sac/manual-tecnico-sac.pdf|A:assets/app-store/sac/sac-admin-areas-assuntos.png|A:assets/app-store/sac/sac-admin-configuracoes.png|A:assets/app-store/sac/sac-admin-dashboard.png|M:assets/app-store/sac/sac-admin-operacao.png|M:assets/app-store/sac/sac-front-abertura.png|M:assets/app-store/sac/sac-front-cliente.png|M:assets/app-store/sac/sac-loja-capa.png|A:assets/app-store/sac/sac-loja-detalhe.png|M:assets/app-store/sac/sac-navegacao.mp4|M:assets/js/components/sac-dashboard.js|M:assets/js/components/sac.js|M:boot.php|M:components/sac-dashboard.php|M:docs/projetos/app-store/material-comercial-sac.md|M:includes/sac-permissions.php|M:scripts/app_store_sac_materials.py"
"848814b9511d046e79c10cef4aa5bb35b8e74fa0","848814b95","2026-04-30","true","importar-planilha/processos-arquivos","merge","ignore-merge","0","Merge pull request #725 from agileecommerce/fix/processos-arquivos-integra-planilha",""
"625d01446117dac7afaf41c380938406c04a7e91","625d01446","2026-04-30","false","agile-store","cache-or-assets","investigate-v2-scope","2","Ajusta confirmação de contratação da loja","M:assets/js/components/app-store-detail.js|M:boot.php"
"79aafc84c2fc0da3685710a0c59208d53c2394e8","79aafc84c","2026-05-01","false","agile-store","docs-only","review-docs-only","2","Documenta regra de gratuidade unica da app store","M:docs/ai/skills/app-store.skill.md|M:docs/projetos/app-store/README.md"
"42400ad47d67c9772298926a930dd4c8a326bda4","42400ad47","2026-05-01","false","agile-store","cache-or-assets","investigate-v2-scope","8","Atualiza materiais comerciais do SAC","M:assets/app-store/sac/manual-tecnico-sac.pdf|M:assets/app-store/sac/sac-admin-areas-assuntos.png|M:assets/app-store/sac/sac-admin-configuracoes.png|M:assets/app-store/sac/sac-admin-dashboard.png|M:assets/app-store/sac/sac-admin-operacao.png|M:assets/app-store/sac/sac-front-abertura.png|M:assets/app-store/sac/sac-front-cliente.png|M:assets/app-store/sac/sac-navegacao.mp4"
"3f58e9ec9f38d3b910835a5b84ca612072ff6292","3f58e9ec9","2026-05-01","false","agile-store","cache-or-assets","investigate-v2-scope","4","Ajusta gratuidade do SAC para 15 dias","M:assets/js/components/app-store-detail.js|M:assets/js/components/app-store-list.js|M:boot.php|M:controllers/app-store-controller.php"
"9db6fab379ac33ecca3c364e00878921cf0c7635","9db6fab37","2026-05-01","false","agile-store","cache-or-assets","investigate-v2-scope","6","Ajusta enquadramento dos prints do SAC","M:assets/app-store/sac/sac-admin-areas-assuntos.png|M:assets/app-store/sac/sac-admin-configuracoes.png|M:assets/app-store/sac/sac-admin-dashboard.png|M:assets/app-store/sac/sac-admin-operacao.png|M:assets/app-store/sac/sac-front-abertura.png|M:assets/app-store/sac/sac-front-cliente.png"
"40ae483363d831d5f22e6efd9d4228c61f549d77","40ae48336","2026-05-01","false","agile-store","table-column-or-display","investigate-v2-scope","4","Ajusta galeria comercial do SAC","A:assets/app-store/sac/sac-admin-listagem.png|A:assets/app-store/sac/sac-admin-operacao-acoes.png|M:assets/app-store/sac/sac-admin-operacao.png|M:components/app-store-detail.php"
"90360a405c7acca9e0bc9b44b38190feb83af97e","90360a405","2026-05-01","false","navegacao/menu","behavior-change","compare-and-likely-migrate","1","Ajusta ordem dos itens hardcoded do menu","M:includes/menu.php"
"5f71a28c11fef8497b46d8d6ae35cd888db19fe8","5f71a28c1","2026-05-01","false","agile-store","cache-or-assets","investigate-v2-scope","7","Renomeia loja para Agile Store","M:assets/js/components/app-store-detail.js|M:components/app-store-detail.php|M:components/app-store-list.php|M:controllers/app-store-controller.php|M:includes/header.php|M:includes/menu.php|M:includes/sac-permissions.php"
"a562e24f712cd6ccb7a708161495dea66843e4bc","a562e24f7","2026-05-01","false","agile-store","table-column-or-display","investigate-v2-scope","8","Atualiza prints comerciais do SAC","M:assets/app-store/sac/sac-admin-areas-assuntos.png|M:assets/app-store/sac/sac-admin-configuracoes.png|M:assets/app-store/sac/sac-admin-dashboard.png|M:assets/app-store/sac/sac-admin-listagem.png|M:assets/app-store/sac/sac-admin-operacao-acoes.png|M:assets/app-store/sac/sac-admin-operacao.png|M:assets/app-store/sac/sac-front-abertura.png|M:assets/app-store/sac/sac-front-cliente.png"
"627466a0dd3614ade848cad53885fe39b80635c3","627466a0d","2026-05-01","false","agile-store","behavior-change","investigate-v2-scope","1","Reposiciona Agile Store no topo do menu","M:includes/menu.php"
"116d1536e3efbddf0803815ca03639cac8e75800","116d1536e","2026-05-01","false","agile-store","behavior-change","investigate-v2-scope","1","Ajusta titulo do hero da Agile Store","M:components/app-store-list.php"
"5815d3097bb08e247b81da55a8d9c777d4a3faf5","5815d3097","2026-05-01","false","agile-store","table-column-or-display","investigate-v2-scope","2","Mostra nome do modulo no breadcrumb da Agile Store","M:assets/js/components/app-store-detail.js|M:components/app-store-detail.php"
"0058437d680d19a24083a6c140151c9858ccfa32","0058437d6","2026-05-01","false","agile-store","table-column-or-display","investigate-v2-scope","8","Adiciona prints do SAC com nomes versionados","A:assets/app-store/sac/sac-admin-areas-assuntos-20260501-real.png|A:assets/app-store/sac/sac-admin-configuracoes-20260501-real.png|A:assets/app-store/sac/sac-admin-dashboard-20260501-real.png|A:assets/app-store/sac/sac-admin-listagem-20260501-real.png|A:assets/app-store/sac/sac-admin-operacao-20260501-real.png|A:assets/app-store/sac/sac-admin-operacao-acoes-20260501-real.png|A:assets/app-store/sac/sac-front-abertura-20260501-real.png|A:assets/app-store/sac/sac-front-cliente-20260501-real.png"
"0547ad75b34b76fe23ba4451ba42caf5a511e172","0547ad75b","2026-05-01","false","agile-store","cache-or-assets","investigate-v2-scope","3","Melhora midias da Agile Store","M:assets/js/components/app-store-detail.js|M:components/app-store-detail.php|M:components/app-store-list.php"
"9a05d735fe9da02ebc50f7898d7d9582647a7474","9a05d735f","2026-05-01","false","cache/assets","assets-version-only","not-applicable-v2","1","Incrementa versao dos assets","M:boot.php"
"b6d2ed6a35452718f9875eb9b33646f7d3e119fb","b6d2ed6a3","2026-05-01","false","agile-store","ui-flow-or-visual","investigate-v2-scope","1","Corrige corte do icone nos cards da Agile Store","M:components/app-store-list.php"
"d4048aa7d413a71c7834efc825152d622e4e7951","d4048aa7d","2026-05-01","false","agile-store","ui-flow-or-visual","investigate-v2-scope","3","Ajusta badges dos cards da Agile Store","M:assets/js/components/app-store-list.js|M:boot.php|M:components/app-store-list.php"
"67b9d72c600567f3a334a24e1042a53cc3734d53","67b9d72c6","2026-05-01","false","agile-store","cache-or-assets","investigate-v2-scope","1","Renova cache apos acao da Agile Store","M:controllers/app-store-controller.php"
"6a6f32569e095c371a733ccf1a4272612c300613","6a6f32569","2026-05-01","false","agile-store","new-feature-or-screen","investigate-v2-scope","2","Atualiza manual técnico do SAC","M:assets/app-store/sac/manual-tecnico-sac.pdf|A:scripts/generate_sac_manual_tecnico.py"
"71150a3bc2ba67863c5da082f9e7034b3b139f58","71150a3bc","2026-05-01","false","agile-store","new-feature-or-screen","investigate-v2-scope","12","Libera SAC admin e ajusta permissoes de menu","M:components/app-store-detail.php|M:components/app-store-list.php|M:controllers/app-store-controller.php|M:controllers/perfis-controller.php|M:controllers/sac-controller.php|M:docs/projetos/sac-completo/README.md|M:includes/app-store-access.php|M:includes/menu.php|M:includes/sac-permissions.php|M:scripts/sql/2026-02-21-pedidos-avaliacoes-menu.sql|M:scripts/sql/2026-04-29-sac-admin-menu.sql|A:scripts/sql/2026-05-01-processamento-imagens-icones.sql"
"67c678c7e2f3beff24abc809a75210abef765933","67c678c7e","2026-05-01","false","agile-store","bugfix","investigate-v2-scope","1","Remove fallback mock da loja de aplicativos","M:controllers/app-store-controller.php"
"73b2d907d37fbb6240dd56032cd8b1996fb5cffd","73b2d907d","2026-05-01","false","agile-store","cache-or-assets","investigate-v2-scope","3","Abre manual da Agile Store em nova aba","M:assets/js/components/app-store-detail.js|M:boot.php|M:docs/projetos/app-store/README.md"
"972fd3acb9a404f6c65c2e744361074d752d66cc","972fd3acb","2026-05-01","false","agile-store","behavior-change","investigate-v2-scope","2","Encaminha contexto de audiencia da app store","M:controllers/app-store-controller.php|M:docs/projetos/app-store/README.md"
"216909ae0c17e81059104dd8c5ace8119b9a1256","216909ae0","2026-05-01","false","agile-store","new-feature-or-screen","investigate-v2-scope","32","Restringe Agile Store por funcionalidades","M:.DS_Store|M:assets/.DS_Store|M:assets/app-store/sac/manual-tecnico-sac.pdf|M:assets/app-store/sac/sac-admin-areas-assuntos.png|M:assets/app-store/sac/sac-admin-configuracoes.png|M:assets/app-store/sac/sac-admin-dashboard.png|M:assets/app-store/sac/sac-admin-operacao.png|M:assets/app-store/sac/sac-front-abertura.png|M:assets/app-store/sac/sac-front-cliente.png|M:assets/app-store/sac/sac-navegacao.mp4|M:assets/js/components/app-store-detail.js|M:assets/js/components/app-store-list.js|M:boot.php|M:components/app-store-detail.php|M:components/app-store-list.php|M:components/sac-dashboard.php|M:controllers/app-store-controller.php|M:controllers/perfis-controller.php|M:controllers/sac-controller.php|M:docs/ai/skills/app-store.skill.md|M:docs/projetos/app-store/README.md|M:docs/projetos/app-store/material-comercial-sac.md|M:docs/projetos/sac-completo/README.md|M:includes/app-store-access.php|M:includes/header.php|M:includes/menu.php|M:includes/sac-permissions.php|M:scripts/app_store_sac_materials.py|M:scripts/sql/2026-02-21-pedidos-avaliacoes-menu.sql|M:scripts/sql/2026-04-29-sac-admin-menu.sql|A:scripts/sql/2026-05-01-app-store-funcionalidades.sql|A:scripts/sql/2026-05-01-processamento-imagens-icones.sql"
"660a85a858401cca6c4d6c721bd6bb5ea8a49466","660a85a85","2026-05-01","true","agile-store","merge","ignore-merge","2","Integra permissoes da Agile Store","MM:controllers/app-store-controller.php|MM:includes/menu.php"
"8697215c970efd52658fcfcea45fc7aa0e0d2a1f","8697215c9","2026-05-01","false","agile-store","behavior-change","investigate-v2-scope","2","Oculta Agile Store no contexto interno","M:controllers/app-store-controller.php|M:includes/app-store-access.php"
"18e493d1e6fc29a070530dad76dcf5351f1c5020","18e493d1e","2026-05-01","true","agile-store","merge","ignore-merge","2","Integra atualizacao remota da Agile Store","MM:controllers/app-store-controller.php|MM:includes/app-store-access.php"
"1cd03ce5a49cf587a54d3bcfa19b61b943ad9a8b","1cd03ce5a","2026-05-01","false","agile-store","cache-or-assets","investigate-v2-scope","5","Filtra Agile Store por modulos em destaque","M:assets/js/components/app-store-detail.js|M:assets/js/components/app-store-list.js|M:boot.php|M:docs/ai/skills/app-store.skill.md|M:docs/projetos/app-store/README.md"
"5ed2728fb2b9803336e242e52c67b787974ba3fd","5ed2728fb","2026-05-02","false","agile-store","bugfix","investigate-v2-scope","3","Corrige limpeza da galeria da Agile Store","M:assets/js/components/app-store-detail.js|M:assets/js/components/app-store-list.js|M:boot.php"
"e2c54a8b9dbb37069168548e38803e03b1c486a7","e2c54a8b9","2026-05-02","false","cache/assets","assets-version-only","not-applicable-v2","1","Forca nova versao dos assets da Agile Store","M:boot.php"
"174c82e4b3df9b4a29353baa9dd2eb6c1709faf0","174c82e4b","2026-05-02","false",".ebextensions","new-feature-or-screen","triage-needed","1","Ajusta health check do admin para ignorar 4xx","A:.ebextensions/health-reporting.config"
"67586134fe54707689e44fdcb075ab7418b0fba9","67586134f","2026-05-02","false","agile-store","bugfix","investigate-v2-scope","2","Remove lightbox da Agile Store ao fechar galeria","M:assets/js/components/app-store-detail.js|M:boot.php"
"a310d733e6b7530669a82d5ffe7c6e451882e31e","a310d733e","2026-05-02","false","docs","bugfix","triage-needed","4","Remove auto refresh on asset version mismatch","M:assets/js/scripts.js|M:boot.php|M:docs/architecture/navegacao-amigavel-multiempresa.md|A:tests/asset-version-refresh.test.js"
"4474b30b604e13cd34cbc1ad0ec1eaadbcfe6f0f","4474b30b6","2026-05-02","true","geral","merge","ignore-merge","0","Merge pull request #726 from agileecommerce/codex/remove-asset-version-refresh",""
"339c71c6f4de02e217a6c956ef4305dcad133107","339c71c6f","2026-05-02","false","agile-store","new-feature-or-screen","investigate-v2-scope","7","Implementa retaguarda da Agile Store","A:assets/js/components/app-store-admin.js|A:components/app-store-admin.php|A:controllers/app-store-admin-controller.php|M:docs/projetos/app-store/README.md|M:includes/app-store-access.php|M:includes/header.php|M:includes/menu.php"
"664cf156150f5b6666ca0310dbb30e59e4008947","664cf1561","2026-05-02","false","agile-store","cache-or-assets","investigate-v2-scope","3","Ajusta métricas da gestão Agile Store","M:AGENTS.md|M:assets/js/components/app-store-admin.js|M:boot.php"
"5be7da5baab051955a81702752d27b2972cef6f0","5be7da5ba","2026-05-02","false","agile-store","table-column-or-display","investigate-v2-scope","3","Exibe cancelamento nas visitas da Agile Store","M:assets/js/components/app-store-admin.js|M:boot.php|M:components/app-store-admin.php"
"56fa1ce977fb313bf83606f8c8f142cabed667b5","56fa1ce97","2026-05-02","false","agile-store","cache-or-assets","investigate-v2-scope","3","Ajusta painel de gestao da Agile Store","M:assets/js/components/app-store-admin.js|M:boot.php|M:components/app-store-admin.php"
"226c7ac9b0c271ee070cb4f877b7e352f8c862ac","226c7ac9b","2026-05-02","false","agile-store","behavior-change","investigate-v2-scope","2","Ajusta compactacao da gestao Agile Store","M:boot.php|M:components/app-store-admin.php"
"b3f23084ce718d74e80e55839a56a86e351a0ad6","b3f23084c","2026-05-02","false","agile-store","ui-flow-or-visual","investigate-v2-scope","3","Ajusta cards de produtos da gestao Agile Store","M:assets/js/components/app-store-admin.js|M:boot.php|M:components/app-store-admin.php"
"3b4ebf10edfbdbf57fa168ead2c9e78402b3d416","3b4ebf10e","2026-05-02","false","agile-store","behavior-change","investigate-v2-scope","1","Ajusta titulo de analise da gestao Agile Store","M:components/app-store-admin.php"
"b5b4d3bdad76f2e3c7e171fbaa702a3c3dd6a511","b5b4d3bda","2026-05-03","false","agile-store","ui-flow-or-visual","investigate-v2-scope","1","Ajusta responsividade dos filtros da Agile Store","M:components/app-store-admin.php"
"603bfd9685b1946956b1b3a1fdc915969adb06cc","603bfd968","2026-05-03","false","notificacoes-painel","cache-or-assets","compare-and-likely-migrate","6","Ajusta canais de notificacao do painel","M:assets/js/components/notificacoes-painel-list.js|M:boot.php|M:components/notificacoes-painel-form.php|M:controllers/notificacoes-painel-controller.php|M:docs/architecture/frontend.md|M:index.php"
"b9ac56208184109b337a8edc01f6b96df44a47ca","b9ac56208","2026-05-03","false","notificacoes-painel","table-column-or-display","compare-and-likely-migrate","4","Exibe audiencia por canal nas notificacoes","M:assets/js/components/notificacoes-painel-usuarios.js|M:boot.php|M:components/notificacoes-painel-usuarios.php|M:controllers/notificacoes-painel-controller.php"
"f105917af63051f86446c5b404814e42390750ef","f105917af","2026-05-03","false","agile-store","cache-or-assets","investigate-v2-scope","4","Restringe ações da Agile Store por status da empresa","M:assets/js/components/app-store-detail.js|M:boot.php|M:components/app-store-detail.php|M:docs/projetos/app-store/README.md"
"b01dabc7d7a93e5ce972d7234a6f226139cd5c19","b01dabc7d","2026-05-03","false","notificacoes-painel","table-column-or-display","compare-and-likely-migrate","4","Mostra canais de visualizacao por icone","M:assets/js/components/notificacoes-painel-usuarios.js|M:boot.php|M:components/notificacoes-painel-usuarios.php|M:controllers/notificacoes-painel-controller.php"
"b5d6996796d1e47bc43ffb55cabadda9ef4ccc52","b5d699679","2026-05-03","false","assets","cache-or-assets","triage-needed","2","Recarrega painel ao detectar assets desatualizados","M:assets/js/scripts.js|M:boot.php"
"d9d4c2ebe4d98caa7a865d8252a08be01198291e","d9d4c2ebe","2026-05-04","false","gateways-pagamento","diagnostic","compare-and-likely-migrate","1","fix: adiciona diagnostico ao salvar gateway de pagamento","M:controllers/gateways-pagamento-controller.php"
"ccebc4ccfa9427e1c9ebe7f328018436928a4ac9","ccebc4ccf","2026-05-04","false","gateways-pagamento","bugfix","compare-and-likely-migrate","1","fix: retorna debug seguro no erro do gateway","M:controllers/gateways-pagamento-controller.php"
"4bec384a409fba16d13fa34aff0b130854753f8c","4bec384a4","2026-05-04","false","gateways-pagamento","bugfix","compare-and-likely-migrate","1","fix: solicita json ao salvar gateway de pagamento","M:controllers/gateways-pagamento-controller.php"